172.217.8.174->US,United States,CA,California,Mountain View,94043,America/Los_Angeles
172.217.5.14->US,United States,CA,California,Mountain View,94043,America/Los_Angeles
157.240.18.35->US,United States,NY,New York,New York,10001,America/New_York
140.205.94.193->CN,China,22,Beijing,Beijing,null,Asia/Chongqing
140.205.130.99->CN,China,22,Beijing,Beijing,null,Asia/Chongqing
220.181.38.148->CN,China,22,Beijing,Beijing,null,Asia/Chongqing
39.156.69.79->CN,China,null,null,null,null,Asia/Chongqing
111.161.64.40->CN,China,05,Jilin,Changchun,null,Asia/Chongqing
111.161.64.48->CN,China,05,Jilin,Changchun,null,Asia/Chongqing
220.181.90.52->CN,China,22,Beijing,Beijing,null,Asia/Chongqing
123.125.116.28->CN,China,22,Beijing,Beijing,null,Asia/Chongqing
221.179.177.36->CN,China,null,null,null,null,Asia/Chongqing
205.251.242.103->US,United States,WA,Washington,Seattle,98104,America/Los_Angeles
176.32.98.166->NL,Netherlands,null,null,null,null,Europe/Amsterdam
176.32.103.205->NL,Netherlands,null,null,null,null,Europe/Amsterdam
47.246.22.235->CA,Canada,ON,Ontario,Ottawa,k1y4h7,America/Rainy_River
47.246.22.236->CA,Canada,ON,Ontario,Ottawa,k1y4h7,America/Rainy_River
140.205.220.96->CN,China,22,Beijing,Beijing,null,Asia/Chongqing
140.205.94.189->CN,China,22,Beijing,Beijing,null,Asia/Chongqing
208.80.154.224->US,United States,CA,California,San Francisco,94105,America/Los_Angeles
98.138.219.231->US,United States,CA,California,Sunnyvale,94089,America/Los_Angeles
98.137.246.7->US,United States,CA,California,Sunnyvale,94089,America/Los_Angeles
72.30.35.10->US,United States,CA,California,Sunnyvale,94089,America/Los_Angeles
98.137.246.8->US,United States,CA,California,Sunnyvale,94089,America/Los_Angeles
98.138.219.232->US,United States,CA,California,Sunnyvale,94089,America/Los_Angeles
72.30.35.9->US,United States,CA,California,Sunnyvale,94089,America/Los_Angeles
120.52.148.118->CN,China,22,Beijing,Beijing,null,Asia/Chongqing
111.13.149.108->CN,China,null,null,null,null,Asia/Chongqing
118.193.98.63->CN,China,05,Jilin,Shihu,null,Asia/Chongqing
36.110.213.10->CN,China,02,Zhejiang,Hangzhou,null,Asia/Chongqing
36.51.254.234->CN,China,22,Beijing,Beijing,null,Asia/Chongqing
123.126.157.222->CN,China,22,Beijing,Beijing,null,Asia/Chongqing
123.126.55.41->CN,China,22,Beijing,Beijing,null,Asia/Chongqing
47.246.21.235->CA,Canada,ON,Ontario,Ottawa,k1y4h7,America/Rainy_River
47.246.21.236->CA,Canada,ON,Ontario,Ottawa,k1y4h7,America/Rainy_River
204.79.197.212->US,United States,null,null,null,null,null
151.101.65.140->US,United States,NH,New Hampshire,Manchester,03101,America/New_York
151.101.1.140->US,United States,NH,New Hampshire,Manchester,03101,America/New_York
151.101.129.140->US,United States,NH,New Hampshire,Manchester,03101,America/New_York
151.101.193.140->US,United States,NH,New Hampshire,Manchester,03101,America/New_York
87.240.139.194->RU,Russian Federation,null,null,null,null,Europe/Moscow
87.240.190.67->RU,Russian Federation,null,null,null,null,Europe/Moscow
87.240.190.72->RU,Russian Federation,null,null,null,null,Europe/Moscow
87.240.190.78->RU,Russian Federation,null,null,null,null,Europe/Moscow
93.186.225.208->RU,Russian Federation,null,null,null,null,Europe/Moscow
202.80.220.208->ID,Indonesia,null,null,null,null,Asia/Jakarta
202.80.220.218->ID,Indonesia,null,null,null,null,Asia/Jakarta
13.107.6.156->US,United States,CT,Connecticut,Norwalk,06850,America/New_York
35.169.83.64->US,United States,MI,Michigan,Ann Arbor,48104,America/New_York
34.229.8.114->US,United States,TX,Texas,Houston,77072,America/Chicago
35.168.183.177->US,United States,MI,Michigan,Ann Arbor,48104,America/New_York
34.227.4.120->US,United States,TX,Texas,Houston,77072,America/Chicago
34.238.74.93->US,United States,TX,Texas,Houston,77072,America/Chicago
34.233.159.233->US,United States,TX,Texas,Houston,77072,America/Chicago
54.80.65.78->US,United States,NJ,New Jersey,Woodbridge,07095,America/New_York
34.194.103.209->US,United States,TX,Texas,Houston,77072,America/Chicago
172.217.1.41->US,United States,CA,California,Mountain View,94043,America/Los_Angeles
47.95.164.112->CA,Canada,ON,Ontario,Ottawa,k1y4h7,America/Rainy_River
198.11.132.250->US,United States,null,null,null,null,null
202.108.119.193->CN,China,22,Beijing,Beijing,null,Asia/Chongqing
202.108.119.194->CN,China,22,Beijing,Beijing,null,Asia/Chongqing
110.75.129.5->CN,China,02,Zhejiang,Hangzhou,null,Asia/Chongqing
110.75.139.5->CN,China,02,Zhejiang,Hangzhou,null,Asia/Chongqing
182.22.59.229->JP,Japan,40,Tokyo,Tokyo,null,Asia/Tokyo
183.79.135.206->JP,Japan,01,Aichi,Akasaka,null,Asia/Tokyo
54.172.171.246->US,United States,NJ,New Jersey,Woodbridge,07095,America/New_York
3.213.226.47->US,United States,CT,Connecticut,Fairfield,06828,America/New_York
3.214.18.255->US,United States,CT,Connecticut,Fairfield,06828,America/New_York
107.23.10.26->US,United States,VA,Virginia,Ashburn,null,America/New_York
3.225.33.93->US,United States,CT,Connecticut,Fairfield,06828,America/New_York
3.224.109.36->US,United States,CT,Connecticut,Fairfield,06828,America/New_York
3.222.90.198->US,United States,CT,Connecticut,Fairfield,06828,America/New_York
3.218.162.209->US,United States,CT,Connecticut,Fairfield,06828,America/New_York
59.110.149.245->CN,China,30,Guangdong,Shenzhen,null,Asia/Chongqing
40.113.200.201->US,United States,IN,Indiana,Indianapolis,46285,America/Indianapolis
13.77.161.179->US,United States,CT,Connecticut,Norwalk,06850,America/New_York
40.76.4.15->US,United States,IN,Indiana,Indianapolis,46285,America/Indianapolis
40.112.72.205->US,United States,IN,Indiana,Indianapolis,46285,America/Indianapolis
66.135.195.175->US,United States,CA,California,Campbell,95008,America/Los_Angeles
66.135.196.249->US,United States,CA,California,Campbell,95008,America/Los_Angeles
13.107.21.200->US,United States,CT,Connecticut,Norwalk,06850,America/New_York
204.79.197.200->US,United States,null,null,null,null,null
172.217.4.35->US,United States,CA,California,Mountain View,94043,America/Los_Angeles
151.101.193.69->US,United States,NH,New Hampshire,Manchester,03101,America/New_York
151.101.1.69->US,United States,NH,New Hampshire,Manchester,03101,America/New_York
151.101.65.69->US,United States,NH,New Hampshire,Manchester,03101,America/New_York
151.101.129.69->US,United States,NH,New Hampshire,Manchester,03101,America/New_York
109.71.161.200->PT,Portugal,10,Madeira,Funchal,null,Atlantic/Azores
210.89.164.90->KR,Korea, Republic of,11,Seoul-t'ukpyolsi,Seoul,null,Asia/Seoul
125.209.222.141->KR,Korea, Republic of,13,Kyonggi-do,Seongnam,null,Asia/Seoul
125.209.222.142->KR,Korea, Republic of,13,Kyonggi-do,Seongnam,null,Asia/Seoul
210.89.160.88->KR,Korea, Republic of,11,Seoul-t'ukpyolsi,Seoul,null,Asia/Seoul
52.178.167.109->US,United States,DE,Delaware,Wilmington,19893,America/New_York
40.84.199.233->US,United States,IN,Indiana,Indianapolis,46285,America/Indianapolis
17.178.96.59->US,United States,CA,California,Cupertino,95014,America/Los_Angeles
17.142.160.59->US,United States,CA,California,Cupertino,95014,America/Los_Angeles
17.172.224.47->US,United States,CA,California,Cupertino,95014,America/Los_Angeles
52.119.164.121->US,United States,DE,Delaware,Wilmington,19893,America/New_York
52.119.168.48->US,United States,DE,Delaware,Wilmington,19893,America/New_York
52.119.161.5->US,United States,DE,Delaware,Wilmington,19893,America/New_York
136.147.41.2->US,United States,CA,California,San Francisco,94105,America/Los_Angeles
136.147.56.1->US,United States,CA,California,San Francisco,94105,America/Los_Angeles
136.147.57.1->US,United States,CA,California,San Francisco,94105,America/Los_Angeles
136.147.40.2->US,United States,CA,California,San Francisco,94105,America/Los_Angeles
172.217.8.163->US,United States,CA,California,Mountain View,94043,America/Los_Angeles
113.11.255.45->SG,Singapore,null,null,null,null,Asia/Singapore
124.225.65.154->CN,China,null,null,null,null,Asia/Chongqing
151.101.194.167->US,United States,NH,New Hampshire,Manchester,03101,America/New_York
151.101.2.167->US,United States,NH,New Hampshire,Manchester,03101,America/New_York
151.101.66.167->US,United States,NH,New Hampshire,Manchester,03101,America/New_York
151.101.130.167->US,United States,NH,New Hampshire,Manchester,03101,America/New_York
13.82.28.61->US,United States,CT,Connecticut,Norwalk,06850,America/New_York
112.124.44.92->CN,China,22,Beijing,Beijing,null,Asia/Chongqing
